Workbook

Sheet daily
A1: Date | B1: China | C1: India | D1: Indonesia | E1: Malaysia | F1: Philippines | G1: South Korea | H1: Taiwan | I1: Thailand | J1: Czech Republic | K1: Hungary | L1: Poland | M1: Russia | N1: Turkey | O1: South Africa | P1: Brazil | Q1: Chile | R1: Colombia | S1: Mexico | T1: Peru
A2: 39083 | B2: 2675.474 | C2: 3966.4 | D2: 1805.523 | E2: 1096.24 | F2: 2982.54 | G2: 1434.46 | H2: 7823.72 | I2: 679.84 | J2: 1588.9 | K2: 24844.32 | L2: 50411.82 | M2: 1693.47 | N2: 391.17 | O2: 22607.16 | P2: 44473.71 | Q2: 2693.36 | R2: 1062.51 | S2: 26448.32 | T2: 12884.2
A3: 39084 | B3: 2675.474 | C3: 4007.4 | D3: 1836.52 | E3: 1096.24 | F3: 2976.85 | G3: 1435.26 | H3: 7920.8 | I3: 679.84 | J3: 1618.3 | K3: 24809.58 | L3: 51202.99 | M3: 1693.47 | N3: 391.17 | O3: 22854.16 | P3: 45382.61 | Q3: 2689.19 | R3: 1044.36 | S3: 26664.45 | T3: 12952.67
A4: 39085 | B4: 2675.474 | C4: 4024.05 | D4: 1834.709 | E4: 1117.09 | F4: 3020.7 | G4: 1409.35 | H4: 7917.3 | I4: 659.25 | J4: 1617.9 | K4: 24727 | L4: 51220.11 | M4: 1693.47 | N4: 391.17 | O4: 22291.14 | P4: 44445.29 | Q4: 2725.6 | R4: 1048.88 | S4: 26619.37 | T4: 12862.02
A5: 39086 | B5: 2715.719 | C5: 3988.8 | D5: 1824.103 | E5: 1118.18 | F5: 3012.74 | G5: 1397.29 | H5: 7934.51 | I5: 648.22 | J5: 1614.2 | K5: 24454.09 | L5: 50381.11 | M5: 1693.47 | N5: 390.06 | O5: 21886.18 | P5: 44019.77 | Q5: 2738.99 | R5: 1047.62 | S5: 26566.28 | T5: 12819
A6: 39087 | B6: 2641.334 | C6: 3983.4 | D6: 1832.55 | E6: 1120.4 | F6: 2996.39 | G6: 1385.76 | H6: 7835.57 | I6: 628.19 | J6: 1599.9 | K6: 24116.85 | L6: 49560.26 | M6: 1693.47 | N6: 384.35 | O6: 21959.6 | P6: 42245.16 | Q6: 2723.48 | R6: 1016.13 | S6: 26135.6 | T6: 12644.29
A7: 39088 | B7: 2641.334 | C7: 3983.4 | D7: 1832.55 | E7: 1120.4 | F7: 2996.39 | G7: 1385.76 | H7: 7835.57 | I7: 628.19 | J7: 1599.9 | K7: 24116.85 | L7: 49560.26 | M7: 1693.47 | N7: 384.35 | O7: 21959.6 | P7: 42245.16 | Q7: 2723.48 | R7: 1016.13 | S7: 26135.6 | T7: 12644.29
A8: 39089 | B8: 2641.334 | C8: 3983.4 | D8: 1832.55 | E8: 1120.4 | F8: 2996.39 | G8: 1385.76 | H8: 7835.57 | I8: 628.19 | J8: 1599.9 | K8: 24116.85 | L8: 49560.26 | M8: 1693.47 | N8: 384.35 | O8: 21959.6 | P8: 42245.16 | Q8: 2723.48 | R8: 1016.13 | S8: 26135.6 | T8: 12644.29
A9: 39090 | B9: 2707.199 | C9: 3933.4 | D9: 1813.394 | E9: 1113.02 | F9: 2952.32 | G9: 1370.81 | H9: 7736.71 | I9: 633.82 | J9: 1590.9 | K9: 23813.84 | L9: 49512.92 | M9: 1693.47 | N9: 378.32 | O9: 22111.79 | P9: 42829.93 | Q9: 2719.84 | R9: 1016.13 | S9: 26281.64 | T9: 12438.51
A10: 39091 | B10: 2807.804 | C10: 3911.4 | D10: 1780.881 | E10: 1118.96 | F10: 2972.32 | G10: 1374.34 | H10: 7790.01 | I10: 616.75 | J10: 1589.3 | K10: 23570.18 | L10: 49769.49 | M10: 1571.93 | N10: 370.83 | O10: 22285.15 | P10: 42006.78 | Q10: 2713.76 | R10: 967.7 | S10: 25783.04 | T10: 12360.23
A11: 39092 | B11: 2825.576 | C11: 3850.3 | D11: 1710.367 | E11: 1113.19 | F11: 2951.08 | G11: 1355.79 | H11: 7698.52 | I11: 622.27 | J11: 1565.3 | K11: 23214.36 | L11: 49264.41 | M11: 1569.83 | N11: 366.3 | O11: 22209.4 | P11: 42335.67 | Q11: 2690.93 | R11: 999.97 | S11: 25885.8 | T11: 12720.62
A12: 39093 | B12: 2770.11 | C12: 3942.25 | D12: 1703.844 | E12: 1106.06 | F12: 2940.16 | G12: 1365.31 | H12: 7618.55 | I12: 637.63 | J12: 1593.1 | K12: 23704.72 | L12: 50484.05 | M12: 1599.67 | N12: 376.4 | O12: 22327.94 | P12: 42670.32 | Q12: 2697.25 | R12: 1017.98 | S12: 26247.9 | T12: 13057.77
A13: 39094 | B13: 2668.11 | C13: 4052.45 | D13: 1678.044 | E13: 1119.33 | F13: 2992.33 | G13: 1388.37 | H13: 7761.71 | I13: 645.71 | J13: 1602.6 | K13: 23979.57 | L13: 51020.94 | M13: 1591.47 | N13: 381.38 | O13: 22534.92 | P13: 43094.97 | Q13: 2741.08 | R13: 1020.39 | S13: 26324.38 | T13: 13025.52
... A5618: 44699 | B5618: 3085.977 | C5618: 16240.3 | D5618: 6793.414 | E5618: 1554.91 | F5618: 6727.6 | G5618: 2625.98 | H5618: 16296.86 | I5618: 1620.33 | J5618: 1339.07 | K5618: 42896.59 | L5618: 56292.6 | M5618: 2445.3 | N5618: 2393.61 | O5618: 62494.43 | P5618: 106247.15 | Q5618: 4964.77 | R5618: 1465.19 | S5618: 50394.03 | T5618: 19833.91

Sheet monthly
B1: China | C1: India | D1: Indonesia | E1: Malaysia | F1: Philippines | G1: South Korea | H1: Taiwan | I1: Thailand | J1: Czech Republic | K1: Hungary | L1: Poland | M1: Russia | N1: Turkey | O1: South Africa | P1: Brazil | Q1: Chile | R1: Colombia | S1: Mexico | T1: Peru
B2: 2 | C2: 3 | D2: 4 | E2: 5 | F2: 6 | G2: 7 | H2: 8 | I2: 9 | J2: 10 | K2: 11 | L2: 12 | M2: 13 | N2: 14 | O2: 15 | P2: 16 | Q2: 17 | R2: 18 | S2: 19 | T2: 20
A3: 39234 | B3: =VLOOKUP($A3,daily!$A$2:$T$5618,monthly!B$2) -> 4000.742 | C3: =VLOOKUP($A3,daily!$A$2:$T$5618,monthly!C$2) -> 4297.05 | D3: =VLOOKUP($A3,daily!$A$2:$T$5618,monthly!D$2) -> 2084.324 | E3: =VLOOKUP($A3,daily!$A$2:$T$5618,monthly!E$2) -> 1360.07 | F3: =VLOOKUP($A3,daily!$A$2:$T$5618,monthly!F$2) -> 3547.35 | G3: =VLOOKUP($A3,daily!$A$2:$T$5618,monthly!G$2) -> 1716.24 | H3: =VLOOKUP($A3,daily!$A$2:$T$5618,monthly!H$2) -> 8249.9 | I3: =VLOOKUP($A3,daily!$A$2:$T$5618,monthly!I$2) -> 753.93 | ... T3: =VLOOKUP($A3,daily!$A$2:$T$5618,monthly!T$2) -> 20732.66
A4: 39264 | B4: =VLOOKUP($A4,daily!$A$2:$T$5618,monthly!B$2) -> 3820.703 | C4: =VLOOKUP($A4,daily!$A$2:$T$5618,monthly!C$2) -> 4318.3 | D4: =VLOOKUP($A4,daily!$A$2:$T$5618,monthly!D$2) -> 2139.278 | E4: =VLOOKUP($A4,daily!$A$2:$T$5618,monthly!E$2) -> 1354.38 | F4: =VLOOKUP($A4,daily!$A$2:$T$5618,monthly!F$2) -> 3660.86 | G4: =VLOOKUP($A4,daily!$A$2:$T$5618,monthly!G$2) -> 1743.6 | H4: =VLOOKUP($A4,daily!$A$2:$T$5618,monthly!H$2) -> 8883.21 | I4: =VLOOKUP($A4,daily!$A$2:$T$5618,monthly!I$2) -> 776.79 | ... T4: =VLOOKUP($A4,daily!$A$2:$T$5618,monthly!T$2) -> 22365.9
A5: 39295 | B5: =VLOOKUP($A5,daily!$A$2:$T$5618,monthly!B$2) -> 4300.563 | C5: =VLOOKUP($A5,daily!$A$2:$T$5618,monthly!C$2) -> 4345.85 | D5: =VLOOKUP($A5,daily!$A$2:$T$5618,monthly!D$2) -> 2256.308 | E5: =VLOOKUP($A5,daily!$A$2:$T$5618,monthly!E$2) -> 1339.49 | F5: =VLOOKUP($A5,daily!$A$2:$T$5618,monthly!F$2) -> 3426.45 | G5: =VLOOKUP($A5,daily!$A$2:$T$5618,monthly!G$2) -> 1856.45 | H5: =VLOOKUP($A5,daily!$A$2:$T$5618,monthly!H$2) -> 8891.88 | I5: =VLOOKUP($A5,daily!$A$2:$T$5618,monthly!I$2) -> 833.47 | ... T5: =VLOOKUP($A5,daily!$A$2:$T$5618,monthly!T$2) -> 23057.97
A6: 39326 | B6: =VLOOKUP($A6,daily!$A$2:$T$5618,monthly!B$2) -> 5218.825 | C6: =VLOOKUP($A6,daily!$A$2:$T$5618,monthly!C$2) -> 4464 | D6: =VLOOKUP($A6,daily!$A$2:$T$5618,monthly!D$2) -> 2194.339 | E6: =VLOOKUP($A6,daily!$A$2:$T$5618,monthly!E$2) -> 1273.93 | F6: =VLOOKUP($A6,daily!$A$2:$T$5618,monthly!F$2) -> 3365.29 | G6: =VLOOKUP($A6,daily!$A$2:$T$5618,monthly!G$2) -> 1873.24 | H6: =VLOOKUP($A6,daily!$A$2:$T$5618,monthly!H$2) -> 8982.16 | I6: =VLOOKUP($A6,daily!$A$2:$T$5618,monthly!I$2) -> 813.21 | ... T6: =VLOOKUP($A6,daily!$A$2:$T$5618,monthly!T$2) -> 20846.26
A7: 39356 | B7: =VLOOKUP($A7,daily!$A$2:$T$5618,monthly!B$2) -> 5552.301 | C7: =VLOOKUP($A7,daily!$A$2:$T$5618,monthly!C$2) -> 5068.95 | D7: =VLOOKUP($A7,daily!$A$2:$T$5618,monthly!D$2) -> 2399.456 | E7: =VLOOKUP($A7,daily!$A$2:$T$5618,monthly!E$2) -> 1347.05 | F7: =VLOOKUP($A7,daily!$A$2:$T$5618,monthly!F$2) -> 3597.92 | G7: =VLOOKUP($A7,daily!$A$2:$T$5618,monthly!G$2) -> 1962.67 | H7: =VLOOKUP($A7,daily!$A$2:$T$5618,monthly!H$2) -> 9488.5 | I7: =VLOOKUP($A7,daily!$A$2:$T$5618,monthly!I$2) -> 852.47 | ... T7: =VLOOKUP($A7,daily!$A$2:$T$5618,monthly!T$2) -> 21958.31
A8: 39387 | B8: =VLOOKUP($A8,daily!$A$2:$T$5618,monthly!B$2) -> 5914.285 | C8: =VLOOKUP($A8,daily!$A$2:$T$5618,monthly!C$2) -> 5866.45 | D8: =VLOOKUP($A8,daily!$A$2:$T$5618,monthly!D$2) -> 2704.657 | E8: =VLOOKUP($A8,daily!$A$2:$T$5618,monthly!E$2) -> 1409.16 | F8: =VLOOKUP($A8,daily!$A$2:$T$5618,monthly!F$2) -> 3758.97 | G8: =VLOOKUP($A8,daily!$A$2:$T$5618,monthly!G$2) -> 2063.14 | H8: =VLOOKUP($A8,daily!$A$2:$T$5618,monthly!H$2) -> 9598.23 | I8: =VLOOKUP($A8,daily!$A$2:$T$5618,monthly!I$2) -> 902.73 | ... T8: =VLOOKUP($A8,daily!$A$2:$T$5618,monthly!T$2) -> 21696.27
A9: 39417 | B9: =VLOOKUP($A9,daily!$A$2:$T$5618,monthly!B$2) -> 4871.778 | C9: =VLOOKUP($A9,daily!$A$2:$T$5618,monthly!C$2) -> 5762.75 | D9: =VLOOKUP($A9,daily!$A$2:$T$5618,monthly!D$2) -> 2688.332 | E9: =VLOOKUP($A9,daily!$A$2:$T$5618,monthly!E$2) -> 1396.98 | F9: =VLOOKUP($A9,daily!$A$2:$T$5618,monthly!F$2) -> 3578.55 | G9: =VLOOKUP($A9,daily!$A$2:$T$5618,monthly!G$2) -> 1906 | H9: =VLOOKUP($A9,daily!$A$2:$T$5618,monthly!H$2) -> 8586.4 | I9: =VLOOKUP($A9,daily!$A$2:$T$5618,monthly!I$2) -> 846.44 | ... T9: =VLOOKUP($A9,daily!$A$2:$T$5618,monthly!T$2) -> 18255.97
A10: 39448 | B10: =VLOOKUP($A10,daily!$A$2:$T$5618,monthly!B$2) -> 5261.563 | C10: =VLOOKUP($A10,daily!$A$2:$T$5618,monthly!C$2) -> 6144.35 | D10: =VLOOKUP($A10,daily!$A$2:$T$5618,monthly!D$2) -> 2745.826 | E10: =VLOOKUP($A10,daily!$A$2:$T$5618,monthly!E$2) -> 1445.03 | F10: =VLOOKUP($A10,daily!$A$2:$T$5618,monthly!F$2) -> 3621.6 | G10: =VLOOKUP($A10,daily!$A$2:$T$5618,monthly!G$2) -> 1897.13 | H10: =VLOOKUP($A10,daily!$A$2:$T$5618,monthly!H$2) -> 8506.28 | I10: =VLOOKUP($A10,daily!$A$2:$T$5618,monthly!I$2) -> 858.1 | ... T10: =VLOOKUP($A10,daily!$A$2:$T$5618,monthly!T$2) -> 17524.79
A11: 39479 | B11: =VLOOKUP($A11,daily!$A$2:$T$5618,monthly!B$2) -> 4320.767 | C11: =VLOOKUP($A11,daily!$A$2:$T$5618,monthly!C$2) -> 5317.25 | D11: =VLOOKUP($A11,daily!$A$2:$T$5618,monthly!D$2) -> 2646.821 | E11: =VLOOKUP($A11,daily!$A$2:$T$5618,monthly!E$2) -> 1393.25 | F11: =VLOOKUP($A11,daily!$A$2:$T$5618,monthly!F$2) -> 3294.08 | G11: =VLOOKUP($A11,daily!$A$2:$T$5618,monthly!G$2) -> 1634.53 | H11: =VLOOKUP($A11,daily!$A$2:$T$5618,monthly!H$2) -> 7673.99 | I11: =VLOOKUP($A11,daily!$A$2:$T$5618,monthly!I$2) -> 810.86 | ... T11: =VLOOKUP($A11,daily!$A$2:$T$5618,monthly!T$2) -> 15363.98
A12: 39508 | B12: =VLOOKUP($A12,daily!$A$2:$T$5618,monthly!B$2) -> 4348.543 | C12: =VLOOKUP($A12,daily!$A$2:$T$5618,monthly!C$2) -> 5223.5 | D12: =VLOOKUP($A12,daily!$A$2:$T$5618,monthly!D$2) -> 2721.944 | E12: =VLOOKUP($A12,daily!$A$2:$T$5618,monthly!E$2) -> 1357.4 | F12: =VLOOKUP($A12,daily!$A$2:$T$5618,monthly!F$2) -> 3129.99 | G12: =VLOOKUP($A12,daily!$A$2:$T$5618,monthly!G$2) -> 1711.62 | H12: =VLOOKUP($A12,daily!$A$2:$T$5618,monthly!H$2) -> 8412.76 | I12: =VLOOKUP($A12,daily!$A$2:$T$5618,monthly!I$2) -> 845.76 | ... T12: =VLOOKUP($A12,daily!$A$2:$T$5618,monthly!T$2) -> 17766.94
A13: 39539 | B13: =VLOOKUP($A13,daily!$A$2:$T$5618,monthly!B$2) -> 3329.162 | C13: =VLOOKUP($A13,daily!$A$2:$T$5618,monthly!C$2) -> 4739.55 | D13: =VLOOKUP($A13,daily!$A$2:$T$5618,monthly!D$2) -> 2393.249 | E13: =VLOOKUP($A13,daily!$A$2:$T$5618,monthly!E$2) -> 1250.41 | F13: =VLOOKUP($A13,daily!$A$2:$T$5618,monthly!F$2) -> 2969.83 | G13: =VLOOKUP($A13,daily!$A$2:$T$5618,monthly!G$2) -> 1702.25 | H13: =VLOOKUP($A13,daily!$A$2:$T$5618,monthly!H$2) -> 8419.72 | I13: =VLOOKUP($A13,daily!$A$2:$T$5618,monthly!I$2) -> 823.36 | ... T13: =VLOOKUP($A13,daily!$A$2:$T$5618,monthly!T$2) -> 17394.46
A14: 39569 | B14: =VLOOKUP($A14,daily!$A$2:$T$5618,monthly!B$2) -> 3693.106 | C14: =VLOOKUP($A14,daily!$A$2:$T$5618,monthly!C$2) -> 5165.9 | D14: =VLOOKUP($A14,daily!$A$2:$T$5618,monthly!D$2) -> 2304.516 | E14: =VLOOKUP($A14,daily!$A$2:$T$5618,monthly!E$2) -> 1279.86 | F14: =VLOOKUP($A14,daily!$A$2:$T$5618,monthly!F$2) -> 2749.77 | G14: =VLOOKUP($A14,daily!$A$2:$T$5618,monthly!G$2) -> 1825.47 | H14: =VLOOKUP($A14,daily!$A$2:$T$5618,monthly!H$2) -> 8919.92 | I14: =VLOOKUP($A14,daily!$A$2:$T$5618,monthly!I$2) -> 832.45 | ... T14: =VLOOKUP($A14,daily!$A$2:$T$5618,monthly!T$2) -> 17429.94
... A183: 44713 | B183: =VLOOKUP($A183,daily!$A$2:$T$5618,monthly!B$2) -> 3085.977 | C183: =VLOOKUP($A183,daily!$A$2:$T$5618,monthly!C$2) -> 16240.3 | D183: =VLOOKUP($A183,daily!$A$2:$T$5618,monthly!D$2) -> 6793.414 | E183: =VLOOKUP($A183,daily!$A$2:$T$5618,monthly!E$2) -> 1554.91 | F183: =VLOOKUP($A183,daily!$A$2:$T$5618,monthly!F$2) -> 6727.6 | G183: =VLOOKUP($A183,daily!$A$2:$T$5618,monthly!G$2) -> 2625.98 | H183: =VLOOKUP($A183,daily!$A$2:$T$5618,monthly!H$2) -> 16296.86 | I183: =VLOOKUP($A183,daily!$A$2:$T$5618,monthly!I$2) -> 1620.33 | ... T183: =VLOOKUP($A183,daily!$A$2:$T$5618,monthly!T$2) -> 19833.91

Sheet quarterly
A1: Date | B1: China | C1: India | D1: Indonesia | E1: Malaysia | F1: Philippines | G1: South Korea | H1: Taiwan | I1: Thailand | J1: Czech Republic | K1: Hungary | L1: Poland | M1: Russia | N1: Turkey | O1: South Africa | P1: Brazil | Q1: Chile | R1: Colombia | S1: Mexico | T1: Peru
B2: 2 | C2: 3 | D2: 4 | E2: 5 | F2: 6 | G2: 7 | H2: 8 | I2: 9 | J2: 10 | K2: 11 | L2: 12 | M2: 13 | N2: 14 | O2: 15 | P2: 16 | Q2: 17 | R2: 18 | S2: 19 | T2: 20
A3: 39234 | B3: =VLOOKUP($A3,daily!$A$2:$T$5618,quarterly!B$2) -> 4000.742 | C3: =VLOOKUP($A3,daily!$A$2:$T$5618,quarterly!C$2) -> 4297.05 | D3: =VLOOKUP($A3,daily!$A$2:$T$5618,quarterly!D$2) -> 2084.324 | E3: =VLOOKUP($A3,daily!$A$2:$T$5618,quarterly!E$2) -> 1360.07 | F3: =VLOOKUP($A3,daily!$A$2:$T$5618,quarterly!F$2) -> 3547.35 | G3: =VLOOKUP($A3,daily!$A$2:$T$5618,quarterly!G$2) -> 1716.24 | H3: =VLOOKUP($A3,daily!$A$2:$T$5618,quarterly!H$2) -> 8249.9 | I3: =VLOOKUP($A3,daily!$A$2:$T$5618,quarterly!I$2) -> 753.93 | ... T3: =VLOOKUP($A3,daily!$A$2:$T$5618,quarterly!T$2) -> 20732.66
A4: 39326 | B4: =VLOOKUP($A4,daily!$A$2:$T$5618,quarterly!B$2) -> 5218.825 | C4: =VLOOKUP($A4,daily!$A$2:$T$5618,quarterly!C$2) -> 4464 | D4: =VLOOKUP($A4,daily!$A$2:$T$5618,quarterly!D$2) -> 2194.339 | E4: =VLOOKUP($A4,daily!$A$2:$T$5618,quarterly!E$2) -> 1273.93 | F4: =VLOOKUP($A4,daily!$A$2:$T$5618,quarterly!F$2) -> 3365.29 | G4: =VLOOKUP($A4,daily!$A$2:$T$5618,quarterly!G$2) -> 1873.24 | H4: =VLOOKUP($A4,daily!$A$2:$T$5618,quarterly!H$2) -> 8982.16 | I4: =VLOOKUP($A4,daily!$A$2:$T$5618,quarterly!I$2) -> 813.21 | ... T4: =VLOOKUP($A4,daily!$A$2:$T$5618,quarterly!T$2) -> 20846.26
A5: 39417 | B5: =VLOOKUP($A5,daily!$A$2:$T$5618,quarterly!B$2) -> 4871.778 | C5: =VLOOKUP($A5,daily!$A$2:$T$5618,quarterly!C$2) -> 5762.75 | D5: =VLOOKUP($A5,daily!$A$2:$T$5618,quarterly!D$2) -> 2688.332 | E5: =VLOOKUP($A5,daily!$A$2:$T$5618,quarterly!E$2) -> 1396.98 | F5: =VLOOKUP($A5,daily!$A$2:$T$5618,quarterly!F$2) -> 3578.55 | G5: =VLOOKUP($A5,daily!$A$2:$T$5618,quarterly!G$2) -> 1906 | H5: =VLOOKUP($A5,daily!$A$2:$T$5618,quarterly!H$2) -> 8586.4 | I5: =VLOOKUP($A5,daily!$A$2:$T$5618,quarterly!I$2) -> 846.44 | ... T5: =VLOOKUP($A5,daily!$A$2:$T$5618,quarterly!T$2) -> 18255.97
A6: 39508 | B6: =VLOOKUP($A6,daily!$A$2:$T$5618,quarterly!B$2) -> 4348.543 | C6: =VLOOKUP($A6,daily!$A$2:$T$5618,quarterly!C$2) -> 5223.5 | D6: =VLOOKUP($A6,daily!$A$2:$T$5618,quarterly!D$2) -> 2721.944 | E6: =VLOOKUP($A6,daily!$A$2:$T$5618,quarterly!E$2) -> 1357.4 | F6: =VLOOKUP($A6,daily!$A$2:$T$5618,quarterly!F$2) -> 3129.99 | G6: =VLOOKUP($A6,daily!$A$2:$T$5618,quarterly!G$2) -> 1711.62 | H6: =VLOOKUP($A6,daily!$A$2:$T$5618,quarterly!H$2) -> 8412.76 | I6: =VLOOKUP($A6,daily!$A$2:$T$5618,quarterly!I$2) -> 845.76 | ... T6: =VLOOKUP($A6,daily!$A$2:$T$5618,quarterly!T$2) -> 17766.94
A7: 39600 | B7: =VLOOKUP($A7,daily!$A$2:$T$5618,quarterly!B$2) -> 3433.354 | C7: =VLOOKUP($A7,daily!$A$2:$T$5618,quarterly!C$2) -> 4870.1 | D7: =VLOOKUP($A7,daily!$A$2:$T$5618,quarterly!D$2) -> 2444.349 | E7: =VLOOKUP($A7,daily!$A$2:$T$5618,quarterly!E$2) -> 1276.1 | F7: =VLOOKUP($A7,daily!$A$2:$T$5618,quarterly!F$2) -> 2827.44 | G7: =VLOOKUP($A7,daily!$A$2:$T$5618,quarterly!G$2) -> 1852.02 | H7: =VLOOKUP($A7,daily!$A$2:$T$5618,quarterly!H$2) -> 8619.08 | I7: =VLOOKUP($A7,daily!$A$2:$T$5618,quarterly!I$2) -> 833.65 | ... T7: =VLOOKUP($A7,daily!$A$2:$T$5618,quarterly!T$2) -> 17130.79
A8: 39692 | B8: =VLOOKUP($A8,daily!$A$2:$T$5618,quarterly!B$2) -> 2325.135 | C8: =VLOOKUP($A8,daily!$A$2:$T$5618,quarterly!C$2) -> 4348.65 | D8: =VLOOKUP($A8,daily!$A$2:$T$5618,quarterly!D$2) -> 2164.62 | E8: =VLOOKUP($A8,daily!$A$2:$T$5618,quarterly!E$2) -> 1100.5 | F8: =VLOOKUP($A8,daily!$A$2:$T$5618,quarterly!F$2) -> 2686.52 | G8: =VLOOKUP($A8,daily!$A$2:$T$5618,quarterly!G$2) -> 1414.43 | H8: =VLOOKUP($A8,daily!$A$2:$T$5618,quarterly!H$2) -> 6813.09 | I8: =VLOOKUP($A8,daily!$A$2:$T$5618,quarterly!I$2) -> 675.22 | ... T8: =VLOOKUP($A8,daily!$A$2:$T$5618,quarterly!T$2) -> 13305.13
A9: 39783 | B9: =VLOOKUP($A9,daily!$A$2:$T$5618,quarterly!B$2) -> 1894.615 | C9: =VLOOKUP($A9,daily!$A$2:$T$5618,quarterly!C$2) -> 2682.9 | D9: =VLOOKUP($A9,daily!$A$2:$T$5618,quarterly!D$2) -> 1223.125 | E9: =VLOOKUP($A9,daily!$A$2:$T$5618,quarterly!E$2) -> 848.43 | F9: =VLOOKUP($A9,daily!$A$2:$T$5618,quarterly!F$2) -> 1971.57 | G9: =VLOOKUP($A9,daily!$A$2:$T$5618,quarterly!G$2) -> 1058.62 | H9: =VLOOKUP($A9,daily!$A$2:$T$5618,quarterly!H$2) -> 4518.43 | I9: =VLOOKUP($A9,daily!$A$2:$T$5618,quarterly!I$2) -> 390.92 | ... T9: =VLOOKUP($A9,daily!$A$2:$T$5618,quarterly!T$2) -> 7135.23
A10: 39873 | B10: =VLOOKUP($A10,daily!$A$2:$T$5618,quarterly!B$2) -> 2082.852 | C10: =VLOOKUP($A10,daily!$A$2:$T$5618,quarterly!C$2) -> 2763.65 | D10: =VLOOKUP($A10,daily!$A$2:$T$5618,quarterly!D$2) -> 1285.476 | E10: =VLOOKUP($A10,daily!$A$2:$T$5618,quarterly!E$2) -> 890.67 | F10: =VLOOKUP($A10,daily!$A$2:$T$5618,quarterly!F$2) -> 1872.22 | G10: =VLOOKUP($A10,daily!$A$2:$T$5618,quarterly!G$2) -> 1063.03 | H10: =VLOOKUP($A10,daily!$A$2:$T$5618,quarterly!H$2) -> 4557.15 | I10: =VLOOKUP($A10,daily!$A$2:$T$5618,quarterly!I$2) -> 431.52 | ... T10: =VLOOKUP($A10,daily!$A$2:$T$5618,quarterly!T$2) -> 6671.72
A11: 39965 | B11: =VLOOKUP($A11,daily!$A$2:$T$5618,quarterly!B$2) -> 2721.28 | C11: =VLOOKUP($A11,daily!$A$2:$T$5618,quarterly!C$2) -> 4529.9 | D11: =VLOOKUP($A11,daily!$A$2:$T$5618,quarterly!D$2) -> 1998.58 | E11: =VLOOKUP($A11,daily!$A$2:$T$5618,quarterly!E$2) -> 1061.8 | F11: =VLOOKUP($A11,daily!$A$2:$T$5618,quarterly!F$2) -> 2458.65 | G11: =VLOOKUP($A11,daily!$A$2:$T$5618,quarterly!G$2) -> 1415.1 | H11: =VLOOKUP($A11,daily!$A$2:$T$5618,quarterly!H$2) -> 6954.1 | I11: =VLOOKUP($A11,daily!$A$2:$T$5618,quarterly!I$2) -> 579.98 | ... T11: =VLOOKUP($A11,daily!$A$2:$T$5618,quarterly!T$2) -> 14004.63
A12: 40057 | B12: =VLOOKUP($A12,daily!$A$2:$T$5618,quarterly!B$2) -> 2683.724 | C12: =VLOOKUP($A12,daily!$A$2:$T$5618,quarterly!C$2) -> 4625.35 | D12: =VLOOKUP($A12,daily!$A$2:$T$5618,quarterly!D$2) -> 2326.914 | E12: =VLOOKUP($A12,daily!$A$2:$T$5618,quarterly!E$2) -> 1171.28 | F12: =VLOOKUP($A12,daily!$A$2:$T$5618,quarterly!F$2) -> 2852.93 | G12: =VLOOKUP($A12,daily!$A$2:$T$5618,quarterly!G$2) -> 1623.06 | H12: =VLOOKUP($A12,daily!$A$2:$T$5618,quarterly!H$2) -> 7019.75 | I12: =VLOOKUP($A12,daily!$A$2:$T$5618,quarterly!I$2) -> 654.12 | ... T12: =VLOOKUP($A12,daily!$A$2:$T$5618,quarterly!T$2) -> 13748.92
A13: 40148 | B13: =VLOOKUP($A13,daily!$A$2:$T$5618,quarterly!B$2) -> 3235.363 | C13: =VLOOKUP($A13,daily!$A$2:$T$5618,quarterly!C$2) -> 5122 | D13: =VLOOKUP($A13,daily!$A$2:$T$5618,quarterly!D$2) -> 2452.501 | E13: =VLOOKUP($A13,daily!$A$2:$T$5618,quarterly!E$2) -> 1266.71 | F13: =VLOOKUP($A13,daily!$A$2:$T$5618,quarterly!F$2) -> 3097.92 | G13: =VLOOKUP($A13,daily!$A$2:$T$5618,quarterly!G$2) -> 1569.72 | H13: =VLOOKUP($A13,daily!$A$2:$T$5618,quarterly!H$2) -> 7649.23 | I13: =VLOOKUP($A13,daily!$A$2:$T$5618,quarterly!I$2) -> 710.01 | ... T13: =VLOOKUP($A13,daily!$A$2:$T$5618,quarterly!T$2) -> 14276.32
A14: 40238 | B14: =VLOOKUP($A14,daily!$A$2:$T$5618,quarterly!B$2) -> 3087.842 | C14: =VLOOKUP($A14,daily!$A$2:$T$5618,quarterly!C$2) -> 4922.3 | D14: =VLOOKUP($A14,daily!$A$2:$T$5618,quarterly!D$2) -> 2554.674 | E14: =VLOOKUP($A14,daily!$A$2:$T$5618,quarterly!E$2) -> 1283.4 | F14: =VLOOKUP($A14,daily!$A$2:$T$5618,quarterly!F$2) -> 3078.91 | G14: =VLOOKUP($A14,daily!$A$2:$T$5618,quarterly!G$2) -> 1594.58 | H14: =VLOOKUP($A14,daily!$A$2:$T$5618,quarterly!H$2) -> 7577.75 | I14: =VLOOKUP($A14,daily!$A$2:$T$5618,quarterly!I$2) -> 721.37 | ... T14: =VLOOKUP($A14,daily!$A$2:$T$5618,quarterly!T$2) -> 14140.31
... A63: 44713 | B63: =VLOOKUP($A63,daily!$A$2:$T$5618,quarterly!B$2) -> 3085.977 | C63: =VLOOKUP($A63,daily!$A$2:$T$5618,quarterly!C$2) -> 16240.3 | D63: =VLOOKUP($A63,daily!$A$2:$T$5618,quarterly!D$2) -> 6793.414 | E63: =VLOOKUP($A63,daily!$A$2:$T$5618,quarterly!E$2) -> 1554.91 | F63: =VLOOKUP($A63,daily!$A$2:$T$5618,quarterly!F$2) -> 6727.6 | G63: =VLOOKUP($A63,daily!$A$2:$T$5618,quarterly!G$2) -> 2625.98 | H63: =VLOOKUP($A63,daily!$A$2:$T$5618,quarterly!H$2) -> 16296.86 | I63: =VLOOKUP($A63,daily!$A$2:$T$5618,quarterly!I$2) -> 1620.33 | ... T63: =VLOOKUP($A63,daily!$A$2:$T$5618,quarterly!T$2) -> 19833.91

Sheet mon_log
A1: Date | B1: China | C1: India | D1: Indonesia | E1: Malaysia | F1: Philippines | G1: South Korea | H1: Taiwan | I1: Thailand | J1: Czech Republic | K1: Hungary | L1: Poland | M1: Russia | N1: Turkey | O1: South Africa | P1: Brazil | Q1: Chile | R1: Colombia | S1: Mexico | T1: Peru
A2: 39264 | B2: =LN(monthly!B4/monthly!B3) -> -0.046045407 | C2: =LN(monthly!C4/monthly!C3) -> 0.0049330655 | D2: =LN(monthly!D4/monthly!D3) -> 0.026023807 | E2: =LN(monthly!E4/monthly!E3) -> -0.004192384 | F2: =LN(monthly!F4/monthly!F3) -> 0.031497247 | G2: =LN(monthly!G4/monthly!G3) -> 0.01581609 | H2: =LN(monthly!H4/monthly!H3) -> 0.073961899 | I2: =LN(monthly!I4/monthly!I3) -> 0.029870518 | ... T2: =LN(monthly!T4/monthly!T3) -> 0.075827243
A3: 39295 | B3: =LN(monthly!B5/monthly!B4) -> 0.11831151 | C3: =LN(monthly!C5/monthly!C4) -> 0.0063595605 | D3: =LN(monthly!D5/monthly!D4) -> 0.05326146 | E3: =LN(monthly!E5/monthly!E4) -> -0.011054841 | F3: =LN(monthly!F5/monthly!F4) -> -0.066173353 | G3: =LN(monthly!G5/monthly!G4) -> 0.06271412 | H3: =LN(monthly!H5/monthly!H4) -> 0.00097552256 | I3: =LN(monthly!I5/monthly!I4) -> 0.070427665 | ... T3: =LN(monthly!T5/monthly!T4) -> 0.030474002
A4: 39326 | B4: =LN(monthly!B6/monthly!B5) -> 0.19352634 | C4: =LN(monthly!C6/monthly!C5) -> 0.026823858 | D4: =LN(monthly!D6/monthly!D5) -> -0.027848987 | E4: =LN(monthly!E6/monthly!E5) -> -0.050182334 | F4: =LN(monthly!F6/monthly!F5) -> -0.018010599 | G4: =LN(monthly!G6/monthly!G5) -> 0.0090034901 | H4: =LN(monthly!H6/monthly!H5) -> 0.010101887 | I4: =LN(monthly!I6/monthly!I5) -> -0.02460833 | ... T4: =LN(monthly!T6/monthly!T5) -> -0.10083692
A5: 39356 | B5: =LN(monthly!B7/monthly!B6) -> 0.061940156 | C5: =LN(monthly!C7/monthly!C6) -> 0.12708847 | D5: =LN(monthly!D7/monthly!D6) -> 0.089361183 | E5: =LN(monthly!E7/monthly!E6) -> 0.055810406 | F5: =LN(monthly!F7/monthly!F6) -> 0.06684176 | G5: =LN(monthly!G7/monthly!G6) -> 0.046636239 | H5: =LN(monthly!H7/monthly!H6) -> 0.054840151 | I5: =LN(monthly!I7/monthly!I6) -> 0.047148639 | ... T5: =LN(monthly!T7/monthly!T6) -> 0.0519711
A6: 39387 | B6: =LN(monthly!B8/monthly!B7) -> 0.063158175 | C6: =LN(monthly!C8/monthly!C7) -> 0.14611599 | D6: =LN(monthly!D8/monthly!D7) -> 0.11973306 | E6: =LN(monthly!E8/monthly!E7) -> 0.045076766 | F6: =LN(monthly!F8/monthly!F7) -> 0.043789083 | G6: =LN(monthly!G8/monthly!G7) -> 0.049923303 | H6: =LN(monthly!H8/monthly!H7) -> 0.011498167 | I6: =LN(monthly!I8/monthly!I7) -> 0.057285487 | ... T6: =LN(monthly!T8/monthly!T7) -> -0.012005299
A7: 39417 | B7: =LN(monthly!B9/monthly!B8) -> -0.19391165 | C7: =LN(monthly!C9/monthly!C8) -> -0.01783489 | D7: =LN(monthly!D9/monthly!D8) -> -0.0060541751 | E7: =LN(monthly!E9/monthly!E8) -> -0.0086810184 | F7: =LN(monthly!F9/monthly!F8) -> -0.049187293 | G7: =LN(monthly!G9/monthly!G8) -> -0.079222289 | H7: =LN(monthly!H9/monthly!H8) -> -0.11139915 | I7: =LN(monthly!I9/monthly!I8) -> -0.064384186 | ... T7: =LN(monthly!T9/monthly!T8) -> -0.17264821
A8: 39448 | B8: =LN(monthly!B10/monthly!B9) -> 0.076969168 | C8: =LN(monthly!C10/monthly!C9) -> 0.064118169 | D8: =LN(monthly!D10/monthly!D9) -> 0.021161014 | E8: =LN(monthly!E10/monthly!E9) -> 0.033817319 | F8: =LN(monthly!F10/monthly!F9) -> 0.011958227 | G8: =LN(monthly!G10/monthly!G9) -> -0.0046645874 | H8: =LN(monthly!H10/monthly!H9) -> -0.009374842 | I8: =LN(monthly!I10/monthly!I9) -> 0.013681324 | ... T8: =LN(monthly!T10/monthly!T9) -> -0.0408757
A9: 39479 | B9: =LN(monthly!B11/monthly!B10) -> -0.1969952 | C9: =LN(monthly!C11/monthly!C10) -> -0.14457671 | D9: =LN(monthly!D11/monthly!D10) -> -0.036722643 | E9: =LN(monthly!E11/monthly!E10) -> -0.036490935 | F9: =LN(monthly!F11/monthly!F10) -> -0.094788999 | G9: =LN(monthly!G11/monthly!G10) -> -0.14898692 | H9: =LN(monthly!H11/monthly!H10) -> -0.10296803 | I9: =LN(monthly!I11/monthly!I10) -> -0.05662523 | ... T9: =LN(monthly!T11/monthly!T10) -> -0.13159064
A10: 39508 | B10: =LN(monthly!B12/monthly!B11) -> 0.0064079137 | C10: =LN(monthly!C12/monthly!C11) -> -0.017788577 | D10: =LN(monthly!D12/monthly!D11) -> 0.027987034 | E10: =LN(monthly!E12/monthly!E11) -> -0.026068042 | F10: =LN(monthly!F12/monthly!F11) -> -0.051097108 | G10: =LN(monthly!G12/monthly!G11) -> 0.046084989 | H10: =LN(monthly!H12/monthly!H11) -> 0.091912912 | I10: =LN(monthly!I12/monthly!I11) -> 0.042140219 | ... T10: =LN(monthly!T12/monthly!T11) -> 0.14531362
A11: 39539 | B11: =LN(monthly!B13/monthly!B12) -> -0.26712023 | C11: =LN(monthly!C13/monthly!C12) -> -0.097225481 | D11: =LN(monthly!D13/monthly!D12) -> -0.12869447 | E11: =LN(monthly!E13/monthly!E12) -> -0.082099608 | F11: =LN(monthly!F13/monthly!F12) -> -0.052525098 | G11: =LN(monthly!G13/monthly!G12) -> -0.0054893851 | H11: =LN(monthly!H13/monthly!H12) -> 0.00082697266 | I11: =LN(monthly!I13/monthly!I12) -> -0.026842102 | ... T11: =LN(monthly!T13/monthly!T12) -> -0.021187662
A12: 39569 | B12: =LN(monthly!B14/monthly!B13) -> 0.10374722 | C12: =LN(monthly!C14/monthly!C13) -> 0.086137143 | D12: =LN(monthly!D14/monthly!D13) -> -0.037781181 | E12: =LN(monthly!E14/monthly!E13) -> 0.023279199 | F12: =LN(monthly!F14/monthly!F13) -> -0.07698744 | G12: =LN(monthly!G14/monthly!G13) -> 0.069886583 | H12: =LN(monthly!H14/monthly!H13) -> 0.057710404 | I12: =LN(monthly!I14/monthly!I13) -> 0.010979631 | ... T12: =LN(monthly!T14/monthly!T13) -> 0.0020376525
A13: 39600 | B13: =LN(monthly!B15/monthly!B14) -> -0.072930212 | C13: =LN(monthly!C15/monthly!C14) -> -0.058964866 | D13: =LN(monthly!D15/monthly!D14) -> 0.058908154 | E13: =LN(monthly!E15/monthly!E14) -> -0.0029421452 | F13: =LN(monthly!F15/monthly!F14) -> 0.027854437 | G13: =LN(monthly!G15/monthly!G14) -> 0.014439447 | H13: =LN(monthly!H15/monthly!H14) -> -0.034308628 | I13: =LN(monthly!I15/monthly!I14) -> 0.00144049 | ... T13: =LN(monthly!T15/monthly!T14) -> -0.017311988
... A181: 44713 | B181: =LN(monthly!B183/monthly!B182) -> 0.012690125 | C181: =LN(monthly!C183/monthly!C182) -> -0.051731768 | D181: =LN(monthly!D183/monthly!D182) -> -0.062135204 | E181: =LN(monthly!E183/monthly!E182) -> -0.028854677 | F181: =LN(monthly!F183/monthly!F182) -> -0.00054239405 | G181: =LN(monthly!G183/monthly!G182) -> -0.025962597 | H181: =LN(monthly!H183/monthly!H182) -> -0.017959049 | I181: =LN(monthly!I183/monthly!I182) -> -0.028659684 | ... T181: =LN(monthly!T183/monthly!T182) -> -0.14019604

Sheet qua_log
A1: Date | B1: China | C1: India | D1: Indonesia | E1: Malaysia | F1: Philippines | G1: South Korea | H1: Taiwan | I1: Thailand | J1: Czech Republic | K1: Hungary | L1: Poland | M1: Russia | N1: Turkey | O1: South Africa | P1: Brazil | Q1: Chile | R1: Colombia | S1: Mexico | T1: Peru
A2: 39326 | B2: =LN(quarterly!B4/quarterly!B3) -> 0.26579244 | C2: =LN(quarterly!C4/quarterly!C3) -> 0.038116484 | D2: =LN(quarterly!D4/quarterly!D3) -> 0.05143628 | E2: =LN(quarterly!E4/quarterly!E3) -> -0.065429558 | F2: =LN(quarterly!F4/quarterly!F3) -> -0.052686705 | G2: =LN(quarterly!G4/quarterly!G3) -> 0.087533701 | H2: =LN(quarterly!H4/quarterly!H3) -> 0.085039309 | I2: =LN(quarterly!I4/quarterly!I3) -> 0.075689853 | ... T2: =LN(quarterly!T4/quarterly!T3) -> 0.005464321
A3: 39417 | B3: =LN(quarterly!B5/quarterly!B4) -> -0.068813318 | C3: =LN(quarterly!C5/quarterly!C4) -> 0.25536957 | D3: =LN(quarterly!D5/quarterly!D4) -> 0.20304006 | E3: =LN(quarterly!E5/quarterly!E4) -> 0.092206153 | F3: =LN(quarterly!F5/quarterly!F4) -> 0.06144355 | G3: =LN(quarterly!G5/quarterly!G4) -> 0.017337253 | H3: =LN(quarterly!H5/quarterly!H4) -> -0.045060832 | I3: =LN(quarterly!I5/quarterly!I4) -> 0.04004994 | ... T3: =LN(quarterly!T5/quarterly!T4) -> -0.13268241
A4: 39508 | B4: =LN(quarterly!B6/quarterly!B5) -> -0.11361812 | C4: =LN(quarterly!C6/quarterly!C5) -> -0.098247116 | D4: =LN(quarterly!D6/quarterly!D5) -> 0.012425404 | E4: =LN(quarterly!E6/quarterly!E5) -> -0.028741658 | F4: =LN(quarterly!F6/quarterly!F5) -> -0.13392788 | G4: =LN(quarterly!G6/quarterly!G5) -> -0.10756651 | H4: =LN(quarterly!H6/quarterly!H5) -> -0.020429955 | I4: =LN(quarterly!I6/quarterly!I5) -> -0.00080368755 | ... T4: =LN(quarterly!T6/quarterly!T5) -> -0.027152723
A5: 39600 | B5: =LN(quarterly!B7/quarterly!B6) -> -0.23630322 | C5: =LN(quarterly!C7/quarterly!C6) -> -0.070053205 | D5: =LN(quarterly!D7/quarterly!D6) -> -0.1075675 | E5: =LN(quarterly!E7/quarterly!E6) -> -0.061762554 | F5: =LN(quarterly!F7/quarterly!F6) -> -0.1016581 | G5: =LN(quarterly!G7/quarterly!G6) -> 0.078836645 | H5: =LN(quarterly!H7/quarterly!H6) -> 0.02422875 | I5: =LN(quarterly!I7/quarterly!I6) -> -0.014421981 | ... T5: =LN(quarterly!T7/quarterly!T6) -> -0.036461998
A6: 39692 | B6: =LN(quarterly!B8/quarterly!B7) -> -0.38975952 | C6: =LN(quarterly!C8/quarterly!C7) -> -0.11324902 | D6: =LN(quarterly!D8/quarterly!D7) -> -0.121534 | E6: =LN(quarterly!E8/quarterly!E7) -> -0.14804393 | F6: =LN(quarterly!F8/quarterly!F7) -> -0.051125033 | G6: =LN(quarterly!G8/quarterly!G7) -> -0.26955031 | H6: =LN(quarterly!H8/quarterly!H7) -> -0.23513259 | I6: =LN(quarterly!I8/quarterly!I7) -> -0.21077509 | ... T6: =LN(quarterly!T8/quarterly!T7) -> -0.25272775
A7: 39783 | B7: =LN(quarterly!B9/quarterly!B8) -> -0.20476245 | C7: =LN(quarterly!C9/quarterly!C8) -> -0.48296715 | D7: =LN(quarterly!D9/quarterly!D8) -> -0.57083577 | E7: =LN(quarterly!E9/quarterly!E8) -> -0.26013232 | F7: =LN(quarterly!F9/quarterly!F8) -> -0.3094165 | G7: =LN(quarterly!G9/quarterly!G8) -> -0.28976045 | H7: =LN(quarterly!H9/quarterly!H8) -> -0.41068117 | I7: =LN(quarterly!I9/quarterly!I8) -> -0.54653563 | ... T7: =LN(quarterly!T9/quarterly!T8) -> -0.62310519
A8: 39873 | B8: =LN(quarterly!B10/quarterly!B9) -> 0.094722457 | C8: =LN(quarterly!C10/quarterly!C9) -> 0.029653971 | D8: =LN(quarterly!D10/quarterly!D9) -> 0.049720019 | E8: =LN(quarterly!E10/quarterly!E9) -> 0.048586406 | F8: =LN(quarterly!F10/quarterly!F9) -> -0.051705287 | G8: =LN(quarterly!G10/quarterly!G9) -> 0.0041571478 | H8: =LN(quarterly!H10/quarterly!H9) -> 0.0085328398 | I8: =LN(quarterly!I10/quarterly!I9) -> 0.098810924 | ... T8: =LN(quarterly!T10/quarterly!T9) -> -0.067166788
A9: 39965 | B9: =LN(quarterly!B11/quarterly!B10) -> 0.26736425 | C9: =LN(quarterly!C11/quarterly!C10) -> 0.49414759 | D9: =LN(quarterly!D11/quarterly!D10) -> 0.44130785 | E9: =LN(quarterly!E11/quarterly!E10) -> 0.17574687 | F9: =LN(quarterly!F11/quarterly!F10) -> 0.27248753 | G9: =LN(quarterly!G11/quarterly!G10) -> 0.28607688 | H9: =LN(quarterly!H11/quarterly!H10) -> 0.42263399 | I9: =LN(quarterly!I11/quarterly!I10) -> 0.29567976 | ... T9: =LN(quarterly!T11/quarterly!T10) -> 0.74151029
A10: 40057 | B10: =LN(quarterly!B12/quarterly!B11) -> -0.013896976 | C10: =LN(quarterly!C12/quarterly!C11) -> 0.02085218 | D10: =LN(quarterly!D12/quarterly!D11) -> 0.152106 | E10: =LN(quarterly!E12/quarterly!E11) -> 0.098131587 | F10: =LN(quarterly!F12/quarterly!F11) -> 0.14873412 | G10: =LN(quarterly!G12/quarterly!G11) -> 0.13711306 | H10: =LN(quarterly!H12/quarterly!H11) -> 0.0093961912 | I10: =LN(quarterly!I12/quarterly!I11) -> 0.1202972 | ... T10: =LN(quarterly!T12/quarterly!T11) -> -0.018427714
A11: 40148 | B11: =LN(quarterly!B13/quarterly!B12) -> 0.18693575 | C11: =LN(quarterly!C13/quarterly!C12) -> 0.10199294 | D11: =LN(quarterly!D13/quarterly!D12) -> 0.052565394 | E11: =LN(quarterly!E13/quarterly!E12) -> 0.07832582 | F11: =LN(quarterly!F13/quarterly!F12) -> 0.082384382 | G11: =LN(quarterly!G13/quarterly!G12) -> -0.033415997 | H11: =LN(quarterly!H13/quarterly!H12) -> 0.085877384 | I11: =LN(quarterly!I13/quarterly!I12) -> 0.081988234 | ... T11: =LN(quarterly!T13/quarterly!T12) -> 0.037641945
A12: 40238 | B12: =LN(quarterly!B14/quarterly!B13) -> -0.046668667 | C12: =LN(quarterly!C14/quarterly!C13) -> -0.039769087 | D12: =LN(quarterly!D14/quarterly!D13) -> 0.040816302 | E12: =LN(quarterly!E14/quarterly!E13) -> 0.013089818 | F12: =LN(quarterly!F14/quarterly!F13) -> -0.0061552803 | G12: =LN(quarterly!G14/quarterly!G13) -> 0.015713119 | H12: =LN(quarterly!H14/quarterly!H13) -> -0.0093886674 | I12: =LN(quarterly!I14/quarterly!I13) -> 0.015873127 | ... T12: =LN(quarterly!T14/quarterly!T13) -> -0.0095726368
A13: 40330 | B13: =LN(quarterly!B15/quarterly!B14) -> -0.18423488 | C13: =LN(quarterly!C15/quarterly!C14) -> 0.0096841798 | D13: =LN(quarterly!D15/quarterly!D14) -> 0.064402511 | E13: =LN(quarterly!E15/quarterly!E14) -> -0.00033510367 | F13: =LN(quarterly!F15/quarterly!F14) -> 0.059180173 | G13: =LN(quarterly!G15/quarterly!G14) -> 0.022215005 | H13: =LN(quarterly!H15/quarterly!H14) -> -0.038804687 | I13: =LN(quarterly!I15/quarterly!I14) -> 0.026740475 | ... T13: =LN(quarterly!T15/quarterly!T14) -> 0.0091796011
... A60: 44621 | B60: =LN(quarterly!B62/quarterly!B61) -> -0.02492444 | C60: =LN(quarterly!C62/quarterly!C61) -> -0.021967386 | D60: =LN(quarterly!D62/quarterly!D61) -> 0.061641428 | E60: =LN(quarterly!E62/quarterly!E61) -> 0.064359806 | F60: =LN(quarterly!F62/quarterly!F61) -> 0.063784231 | G60: =LN(quarterly!G62/quarterly!G61) -> -0.071666157 | H60: =LN(quarterly!H62/quarterly!H61) -> 0.01760038 | I60: =LN(quarterly!I62/quarterly!I61) -> 0.063014551 | ... T60: =LN(quarterly!T62/quarterly!T61) -> 0.19429531
